{
    "version" : "1.0.0",
    "lastUpdateTime" : "2022-05-31",
    "rideList" : [
        {
            "_id" : "0",
            "name" : "A 스페인 해적선",
            "thumbnail" : "https://search.pstatic.net/common/?src=http%3A%2F%2Fblogfiles.naver.net%2FMjAyMTA2MDFfMjc5%2FMDAxNjIyNTE0MDA1MjQ4.3X5js-6yOSADWtQjj4-dSv9NxmqXg9SKqB1HzOiloy0g.rF38GWZORcQG_bHBbJGR2pXknZA59tJR0_pZc4-xBM0g.JPEG.dlseo0414%2FIMG_8275.jpg&type=a340",
            "explain" : "75도까지 올라가는 스릴 넘치는 해적선",
            "height" : "110cm 이상",
            "recommendride" : [
                {
                    "_id" : "0",
                    "name" : "",
                    "lead time" : 0,
                    "thumbnail" : ""
                }
            ],
            "rides" : [
                {
                    "_id" : "0",
                    "name" : "",
                    "lead time" : 0,
                    "thumbnail" : ""
                }
            ],
            "address" : "",
            "geoLocation" : "0.0,0.0"
        },
        {
            "_id" : "1",
            "name" : "아틀란티스",
            "thumbnail" : "급발진하는 보트를 타고 미스터리 신전 속으로",
            "explain" : "https://search.pstatic.net/common/?src=http%3A%2F%2Fblogfiles.naver.net%2F20131104_14%2Flucky1n_1383566854209xw4yq_JPEG%2Fispeed%25282%2529.jpg&type=a340",
            "height" : "135~190cm",
            "recommendride" : [
                {
                    "_id" : "0",
                    "name" : "",
                    "lead time" : 0,
                    "thumbnail" : ""
                }
            ],
            "rides" : [
                {
                    "_id" : "0",
                    "name" : "",
                    "lead time" : 0,
                    "thumbnail" : ""
                }
            ],
            "address" : "",
            "geoLocation" : "0.0,0.0"
        },
        {
            "_id" : "2",
            "name" : "민속박물관",
            "thumbnail" : "https://search.pstatic.net/common/?src=http%3A%2F%2Fblogfiles.naver.net%2FMjAyMjAzMDlfMTI4%2FMDAxNjQ2ODMyNDUzMDkw.HFghZicxBPZObKgWogHDbDhV3Mi7q-qO43X8dpOduXYg.rQM060fEbafcecmO_AJq44HUUAD-zyxxzUa5-_aISGIg.JPEG.dmsblue%2FIMG_0015.JPG&type=a340",
            "explain" : "우리 문화의 본 모습을 한 눈에!",
            "height" : "",
            "recommendride" : [
                {
                    "_id" : "0",
                    "name" : "",
                    "lead time" : 0,
                    "thumbnail" : ""
                }
            ],
            "rides" : [
                {
                    "_id" : "0",
                    "name" : "",
                    "lead time" : 0,
                    "thumbnail" : ""
                }
            ],
            "address" : "",
            "geoLocation" : "0.0,0.0"
        },
        {
            "_id" : "3",
            "name" : "혜성특급",
            "thumbnail" : "https://search.pstatic.net/common/?src=http%3A%2F%2Fblogfiles.naver.net%2FMjAyMjA1MDJfMTQy%2FMDAxNjUxNDkwNTExNDQ2.lq__qWeqVK5hwZDjEkcUzKFK3yaJEhglpArWgrWZxiAg.n-M0-Rhh6DGLYrSR5n8vqvYUNTcx9y8YUs1N6LzKdfkg.JPEG.unu125%2FIMG_6719.jpg&type=a340",
            "explain" : "좌우로 회전하는 롤러코스터를 타고 떠나는 어둠속 스펙터클 우주여행",
            "height" : "120cm 이상",
            "recommendride" : [
                {
                    "_id" : "0",
                    "name" : "",
                    "lead time" : 0,
                    "thumbnail" : ""
                }
            ],
            "rides" : [
                {
                    "_id" : "0",
                    "name" : "",
                    "lead time" : 0,
                    "thumbnail" : ""
                }
            ],
            "address" : "",
            "geoLocation" : "0.0,0.0"
        }
    ]
}